{"cameraMode":{"drawMode":0,"name":"Shaded","section":"Shading Mode"},"sceneLighting":true,"audioPlay":false,"sceneViewState":{"showFog":true,"showMaterialUpdate":false,"showSkybox":true,"showFlares":true,"showImageEffects":true,"showParticleSystems":true},"in2DMode":false,"pivot":{"x":-0.6802544593811035,"y":1.780422329902649,"z":-1.111419439315796},"rotation":{"x":0.18636590242385865,"y":-0.019748443737626077,"z":0.003746800357475877,"w":0.9822754859924316},"size":2.7961456775665285,"orthographic":false}