{"cameraMode":{"drawMode":0,"name":"Shaded","section":"Shading Mode"},"sceneLighting":true,"audioPlay":false,"sceneViewState":{"showFog":true,"showMaterialUpdate":false,"showSkybox":true,"showFlares":true,"showImageEffects":true,"showParticleSystems":true},"in2DMode":false,"pivot":{"x":3.2922565937042238,"y":3.1114578247070314,"z":7.7778730392456059},"rotation":{"x":0.07369515299797058,"y":-0.1802988201379776,"z":-0.01354819443076849,"w":-0.9807606935501099},"size":6.3954339027404789,"orthographic":false}