{"cameraMode":{"drawMode":0,"name":"Shaded","section":"Shading Mode"},"sceneLighting":true,"audioPlay":false,"sceneViewState":{"showFog":true,"showMaterialUpdate":false,"showSkybox":true,"showFlares":true,"showImageEffects":true,"showParticleSystems":true},"in2DMode":false,"pivot":{"x":5.2451958656311039,"y":-1.1028614044189454,"z":2.436542510986328},"rotation":{"x":0.18241626024246217,"y":0.6516290307044983,"z":-0.1656944751739502,"w":0.7173922061920166},"size":4.8106689453125,"orthographic":false}