{"cameraMode":{"drawMode":0,"name":"Shaded","section":"Shading Mode"},"sceneLighting":true,"audioPlay":false,"sceneViewState":{"showFog":true,"showMaterialUpdate":false,"showSkybox":true,"showFlares":true,"showImageEffects":true,"showParticleSystems":true},"in2DMode":false,"pivot":{"x":76.62266540527344,"y":-21.49297332763672,"z":52.73966979980469},"rotation":{"x":0.1451299488544464,"y":0.41330692172050478,"z":-0.06691130995750427,"w":0.8964588046073914},"size":58.24613952636719,"orthographic":false}