{"cameraMode":{"drawMode":0,"name":"Shaded","section":"Shading Mode"},"sceneLighting":true,"audioPlay":false,"sceneViewState":{"showFog":true,"showMaterialUpdate":false,"showSkybox":true,"showFlares":true,"showImageEffects":true,"showParticleSystems":true},"in2DMode":false,"pivot":{"x":0.4607580900192261,"y":-3.0427751541137697,"z":4.962726593017578},"rotation":{"x":0.39031702280044558,"y":0.06401465833187103,"z":-0.027205947786569597,"w":0.9180600047111511},"size":3.9073946475982668,"orthographic":false}